1_951.308,197.586,0.95243,951.233,224.267,0.92739,909.938,224.328,0.864443,886.445,300.77,0.836582,883.572,365.519,0.909763,989.46,224.221,0.855152,1001.34,268.301,0.598648,983.533,286.02,0.248483,951.191,353.691,0.819002,927.606,356.606,0.789764,930.669,442.018,0.837841,945.269,533.252,0.822196,974.717,350.781,0.770613,977.63,433.119,0.813138,971.736,480.293,0.775018,945.268,182.955,0.874322,960.011,182.994,0.851923,930.452,185.985,0.844054,977.575,185.937,0.854165,974.744,503.898,0.687656,977.778,500.867,0.733501,960.035,480.288,0.55532,948.223,556.775,0.787367,930.591,553.936,0.826612,951.043,542.064,0.72506;0,0,0,0,0,0,0,0,0,0,0,0,0,0,0,0,0,0,0,0,0,0,0,0,1001.18,277.147,0.404749,1001.28,274.309,0.38007,1007.09,336.007,0.470744,1021.81,389.08,0.346858,1001.09,277.145,0.417082,1004.18,338.908,0.345885,1024.65,389.069,0.347524,0,0,0,0,0,0,0,0,0,0,0,0,1021.79,412.45,0.160967,1024.84,409.646,0.175848,1027.72,391.99,0.262291,1024.83,412.493,0.158806,1024.8,412.589,0.169612,1027.68,397.789,0.270978
2_951.225,197.566,0.955677,951.177,224.327,0.931162,906.997,224.338,0.89502,883.638,303.631,0.84613,883.506,365.61,0.905869,995.246,224.292,0.862662,1004.25,277.13,0.566933,1021.78,365.468,0.314867,951.202,359.48,0.822523,927.497,359.529,0.78768,930.618,453.696,0.864157,942.393,542.049,0.809086,977.539,356.606,0.777908,977.788,439.017,0.804047,977.672,506.676,0.621408,942.361,180.131,0.878782,959.956,182.95,0.86249,927.703,185.931,0.841591,977.581,185.973,0.842887,977.584,524.414,0.258546,980.738,521.408,0.258666,974.589,509.714,0.413089,948.151,559.714,0.782523,930.584,556.802,0.829268,948.248,547.972,0.745013
3_951.227,197.531,0.954468,951.142,224.337,0.926547,907.038,227.1,0.87997,883.583,306.599,0.849786,883.414,368.476,0.880101,992.312,224.298,0.845425,1007.15,274.209,0.543295,1018.91,365.404,0.278164,951.218,359.539,0.834028,927.554,359.579,0.814328,930.53,450.816,0.859152,939.429,539.113,0.805356,974.848,359.509,0.794629,977.537,436.143,0.862673,974.586,497.919,0.815889,942.344,180.142,0.875657,957.18,182.952,0.862823,927.66,188.9,0.855896,974.837,191.784,0.853289,977.565,527.379,0.778696,983.577,521.457,0.71019,962.954,500.81,0.579443,948.141,559.688,0.816743,930.54,556.794,0.855386,948.183,547.915,0.776994
4_951.136,197.567,0.95247,951.118,227.151,0.912424,907.019,227.247,0.861651,883.636,309.475,0.85222,883.436,368.359,0.8951,989.461,227.074,0.825145,1004.2,271.356,0.530871,1007.15,365.477,0.172277,951.134,359.573,0.829613,927.48,359.603,0.796386,930.449,453.723,0.871487,942.307,542.047,0.805106,974.748,359.54,0.79135,977.521,439.136,0.846736,974.593,503.901,0.854199,939.369,182.985,0.861524,957.035,182.965,0.880326,927.6,191.802,0.83466,974.768,188.891,0.832787,974.845,533.236,0.786534,983.61,527.396,0.765019,965.916,506.779,0.608939,945.333,559.689,0.81179,930.528,556.778,0.862893,948.263,547.996,0.774724;0,0,0,0,0,0,0,0,0,0,0,0,0,0,0,0,0,0,0,0,0,0,0,0,1001.08,280.115,0.181122,1001.12,277.193,0.20393,1010.08,335.998,0.377303,1021.85,392.045,0.288598,1001.08,280.149,0.175706,1001.12,338.98,0.221647,1018.85,397.806,0.215058,0,0,0,0,0,0,0,0,0,0,0,0,1018.85,421.36,0.0741426,1018.87,415.545,0.0975149,1021.86,397.891,0.133132,1036.48,412.552,0.109271,1027.69,412.663,0.124871,1024.75,397.862,0.220944
5_951.02,197.605,0.946138,951.116,227.251,0.908655,906.927,230.132,0.862547,883.459,309.502,0.856639,880.642,371.314,0.862117,992.42,227.147,0.841091,1001.28,288.909,0.511741,1004.23,365.456,0.257245,951.083,362.376,0.837276,924.718,362.395,0.798691,927.747,453.787,0.884509,942.286,544.925,0.814945,974.692,362.388,0.812952,974.752,444.936,0.833845,974.657,515.535,0.828739,936.463,185.881,0.860461,954.193,183.042,0.891409,927.578,194.687,0.797547,974.654,191.798,0.835533,977.614,547.833,0.822707,989.399,536.189,0.74021,968.786,524.303,0.607751,948.224,556.892,0.831384,930.624,556.797,0.846192,948.208,550.791,0.78124;0,0,0,0,0,0,0,0,0,0,0,0,0,0,0,0,0,0,0,0,0,0,0,0,998.342,285.963,0.104051,998.101,283.046,0.0998027,1004.22,335.947,0.133358,1007.1,394.933,0.109528,1001.1,294.831,0.101468,1004.15,336.073,0.207303,1021.83,400.784,0.344017,0,0,0,0,0,0,0,0,0,0,0,0,1021.81,415.587,0.151311,1027.76,415.568,0.16756,1024.68,406.612,0.211928,0,0,0,0,0,0,0,0,0
6_948.264,197.691,0.944319,951.076,227.233,0.904931,904.205,230.122,0.867319,883.35,312.406,0.875867,880.515,377.266,0.855672,992.394,227.155,0.837079,1001.36,297.812,0.573416,1018.86,385.96,0.387892,951.062,362.394,0.832664,924.666,362.428,0.800643,927.746,456.637,0.903624,939.452,547.834,0.827819,974.71,362.412,0.807862,974.633,453.789,0.85925,974.663,530.241,0.871489,933.622,188.824,0.861207,954.155,185.97,0.88601,927.511,194.761,0.812347,974.608,194.688,0.849592,974.743,553.959,0.753563,983.565,553.727,0.730936,971.728,533.286,0.65423,945.316,562.69,0.787699,930.531,559.701,0.813107,948.208,550.964,0.765742
7_948.192,197.74,0.932672,951.094,233.071,0.885731,904.165,233.04,0.861419,880.655,312.455,0.886391,880.447,380.22,0.850889,995.247,233.071,0.813568,1007.11,312.533,0.736619,1018.88,383.092,0.754288,951.008,362.527,0.835882,924.574,362.536,0.794269,927.745,456.783,0.903784,945.235,547.954,0.845626,974.701,362.566,0.830252,974.556,456.742,0.885752,974.699,536.203,0.853808,933.543,188.874,0.870355,954.117,188.82,0.884296,927.454,194.738,0.766198,974.612,194.721,0.86298,974.597,559.67,0.731937,980.623,553.985,0.733195,971.784,547.887,0.695584,948.127,562.705,0.779353,930.612,559.694,0.783865,951.047,553.732,0.762469
8_945.308,197.805,0.912358,951.085,238.853,0.885525,904.184,238.848,0.855701,880.597,315.295,0.889511,877.615,383.083,0.84113,995.205,235.926,0.803994,1007.15,306.58,0.708884,1018.8,374.342,0.753716,951.015,362.633,0.84709,924.592,365.364,0.804375,927.656,459.549,0.898344,942.382,550.892,0.841951,974.689,365.393,0.840869,974.543,459.619,0.886593,974.615,550.98,0.871234,930.734,191.781,0.883415,954.007,191.742,0.893054,924.666,194.803,0.706426,971.812,194.792,0.853816,971.663,574.459,0.795999,977.781,574.335,0.816807,971.75,553.997,0.713904,945.252,571.43,0.727232,930.515,565.645,0.726565,948.264,553.971,0.67541
9_945.212,200.581,0.897751,948.209,247.635,0.880375,904.001,247.812,0.846287,880.528,318.487,0.875706,880.373,386.104,0.887707,989.449,244.772,0.804828,1004.22,309.531,0.554169,1012.96,383.137,0.406198,948.215,368.469,0.777075,921.768,371.34,0.741399,927.68,462.547,0.875755,939.442,550.918,0.818155,971.834,368.453,0.759714,971.689,462.566,0.825982,968.793,556.804,0.817169,930.654,194.747,0.912827,951.258,194.686,0.917276,924.587,197.777,0.802969,971.684,197.681,0.868832,962.934,583.291,0.773216,977.592,580.337,0.875697,962.945,568.487,0.64938,939.417,574.517,0.662907,927.703,574.337,0.706892,945.286,556.719,0.592879;0,0,0,0,0,0,0,0,0,0,0,0,0,0,0,0,0,0,0,0,0,0,0,0,998.04,294.875,0.11993,980.693,294.848,0.101441,0,0,0,0,0,0,1001.12,294.987,0.127779,1015.87,350.786,0.198231,1021.79,412.565,0.333998,0,0,0,0,0,0,0,0,0,0,0,0,1021.82,433.145,0.1128,1027.71,427.237,0.126025,1021.91,412.695,0.19342,0,0,0,0,0,0,0,0,0
10_942.336,200.723,0.891463,948.226,247.695,0.892138,903.976,247.657,0.867129,880.529,318.419,0.883278,880.426,386.11,0.892825,992.312,247.701,0.828578,1007.09,318.355,0.797004,1012.99,386.067,0.741598,948.17,377.219,0.774101,921.675,377.254,0.742444,927.747,477.211,0.855844,945.302,553.753,0.811633,974.558,377.25,0.762585,971.686,474.292,0.7838,965.856,562.658,0.755726,930.553,197.592,0.952562,951.197,197.537,0.947193,918.801,200.551,0.822405,968.833,197.739,0.853363,957.11,592.097,0.702692,974.685,589.163,0.71761,962.914,571.519,0.570042,948.158,577.512,0.636041,930.627,577.316,0.645494,948.208,556.805,0.540914
11_936.474,203.557,0.883584,948.11,244.843,0.867054,903.927,244.887,0.855937,880.445,318.415,0.860826,880.401,388.906,0.869218,983.609,244.753,0.825209,1007.05,315.429,0.813141,1012.96,383.105,0.749987,948.241,374.271,0.771866,924.577,374.291,0.740666,930.448,468.451,0.81727,945.239,553.725,0.813136,974.584,374.311,0.757263,959.995,474.369,0.768028,957.015,574.365,0.848228,930.466,197.664,0.971334,951.105,197.695,0.969947,915.863,197.791,0.788112,962.996,200.549,0.846645,951.247,600.853,0.824,965.863,598.08,0.775605,954.249,577.394,0.69296,933.474,580.3,0.60651,927.477,574.493,0.61936,948.226,556.733,0.494478
12_936.412,206.478,0.859717,945.278,244.903,0.866911,901.136,247.644,0.846987,877.611,321.264,0.841881,877.645,391.921,0.854309,983.564,244.824,0.836006,1004.25,318.259,0.828963,1012.97,388.943,0.79302,945.321,377.238,0.756292,918.811,380.12,0.732376,930.434,474.382,0.809418,948.206,553.835,0.77055,971.777,377.238,0.739982,957.081,477.337,0.7896,954.06,574.462,0.873274,927.746,197.799,0.969226,951.079,197.805,0.967851,912.966,200.658,0.751181,965.837,200.709,0.834877,948.225,603.892,0.743494,957.113,603.834,0.766929,951.271,577.539,0.636633,939.36,589.126,0.430325,927.623,577.464,0.467023,951.091,556.852,0.396745
13_933.573,212.363,0.854414,945.319,250.766,0.840576,901.089,253.628,0.826971,877.571,324.306,0.822986,877.548,392.048,0.840207,986.469,250.705,0.798088,1007.13,321.295,0.785149,1015.88,389.095,0.831325,948.21,383.172,0.797533,921.766,385.947,0.769515,930.484,480.11,0.835266,948.129,556.769,0.746014,974.589,385.931,0.777983,957.053,480.28,0.81887,951.152,577.468,0.836057,927.673,200.62,0.969649,951.06,200.613,0.959344,910.088,203.669,0.7256,965.867,206.477,0.798846,942.372,603.914,0.626771,954.082,603.909,0.711143,948.241,586.213,0.593029,933.496,586.221,0.50811,927.511,577.458,0.554787,951.024,562.685,0.39999
14_933.561,215.383,0.872779,945.27,268.192,0.844623,895.258,268.318,0.8262,877.487,335.953,0.817251,877.477,397.886,0.813714,989.421,265.411,0.800325,1010,333.108,0.755689,1015.85,391.932,0.816987,948.228,388.942,0.810995,924.605,388.972,0.79067,930.504,483.209,0.836299,951.057,571.411,0.74292,974.596,388.965,0.796989,954.136,486.099,0.84172,945.296,586.255,0.77064,927.647,200.768,0.961923,951.022,200.727,0.945912,910.007,209.47,0.772248,962.975,206.6,0.785646,936.416,615.635,0.672405,951.169,615.676,0.73392,939.392,597.962,0.634604,936.468,598.017,0.390027,927.654,592.135,0.418853,951.261,577.293,0.388776
15_933.576,218.237,0.880881,945.318,265.3,0.836137,898.165,265.294,0.813973,874.671,335.942,0.816152,877.503,403.747,0.841647,989.467,265.351,0.797421,1007.17,338.829,0.811072,1010.07,400.732,0.793739,945.209,388.943,0.793462,915.896,388.95,0.776308,927.744,483.161,0.842231,945.236,568.559,0.637942,971.673,388.968,0.773075,954.083,486.116,0.867234,939.407,592.027,0.78255,927.652,203.566,0.944616,951.016,200.797,0.935572,910.017,212.415,0.767826,962.949,209.458,0.780962,930.645,618.631,0.812432,951.071,621.379,0.814594,936.457,598.052,0.706375,930.613,597.884,0.266921,921.751,586.17,0.244148,948.24,574.511,0.326445
16_933.553,221.086,0.909496,942.387,268.302,0.861941,898.119,268.205,0.823464,874.618,336.087,0.832591,874.665,406.613,0.850152,983.605,268.428,0.833409,1007.13,339.048,0.841235,1007.11,403.735,0.782285,942.3,391.916,0.772024,915.836,391.917,0.753656,930.509,489.037,0.812309,948.27,568.509,0.586342,968.78,391.95,0.745629,951.308,497.926,0.846071,936.466,597.883,0.822536,927.628,203.703,0.927005,951.024,203.674,0.918204,909.963,215.37,0.806676,962.952,215.318,0.784639,930.502,621.486,0.8732,948.159,621.509,0.837375,936.441,600.996,0.73365,939.423,598.048,0.192991,930.626,583.34,0.163441,954.07,574.373,0.298603
17_933.552,221.173,0.925478,939.426,271.279,0.86358,892.247,271.345,0.833234,868.797,341.843,0.844852,868.794,409.562,0.848764,983.616,271.283,0.833758,1010,339.021,0.841869,1010.08,397.804,0.80429,939.425,397.824,0.748081,915.811,397.855,0.727202,930.458,492.001,0.761704,951.128,553.836,0.602446,965.91,397.861,0.722629,951.214,500.9,0.827471,930.725,598.018,0.877005,927.619,209.418,0.913579,951.015,206.6,0.897848,909.954,218.274,0.828703,960.071,218.337,0.805426,930.53,624.497,0.864575,948.198,624.439,0.860016,930.594,601.012,0.810279,948.152,597.846,0.189224,936.448,577.433,0.170421,957.073,553.885,0.36568
18_933.515,221.247,0.935774,942.301,271.199,0.858518,895.23,268.422,0.82085,868.805,339.024,0.841783,862.994,409.545,0.87995,983.613,271.331,0.815986,1007.1,341.821,0.817919,1009.99,403.658,0.796995,933.552,397.886,0.756922,909.955,397.863,0.744812,927.758,494.917,0.688516,948.26,556.763,0.426159,957.169,400.786,0.72645,951.177,503.716,0.824885,930.624,600.808,0.882474,927.618,212.364,0.907797,950.995,212.371,0.884663,910.001,218.325,0.770788,962.91,221.143,0.808224,930.653,627.531,0.823797,951.006,627.424,0.862724,927.638,603.878,0.801495,948.209,601.02,0.102645,948.125,595.002,0.0703941,957.002,553.937,0.216233
19_933.593,221.341,0.925807,942.349,274.169,0.836411,892.315,271.415,0.817369,871.641,341.852,0.851775,862.948,409.578,0.883236,992.344,277.159,0.794922,1010.03,350.701,0.75471,1007.08,412.708,0.81002,933.608,406.601,0.770579,909.964,406.595,0.762535,930.595,500.783,0.672332,951.064,553.879,0.350491,960.063,406.67,0.743061,951.245,503.843,0.842978,930.615,600.839,0.884039,927.671,212.46,0.908084,951.073,215.309,0.897335,910.012,221.125,0.796568,968.75,221.268,0.83705,930.718,627.51,0.825673,951.037,627.418,0.869319,927.565,603.891,0.797608,948.244,606.847,0.089142,948.247,597.916,0.0592814,957.018,553.944,0.164092
20_933.594,224.066,0.924499,942.377,271.393,0.850726,895.199,271.286,0.82393,874.588,341.849,0.860304,862.89,409.497,0.890147,992.37,277.131,0.79694,1007.16,350.786,0.754291,1009.99,415.518,0.796645,933.62,406.65,0.779605,909.911,406.62,0.777151,927.577,500.841,0.731683,951.201,550.834,0.508425,962.949,409.487,0.751605,951.227,506.81,0.84139,930.599,601.004,0.882548,927.688,215.351,0.916257,951.075,218.175,0.905292,910.02,221.115,0.797639,968.769,221.284,0.848713,930.591,630.432,0.812901,948.277,630.306,0.823936,927.623,606.817,0.806012,948.152,595.036,0.117627,936.456,574.368,0.124982,962.961,550.928,0.258948
21_936.402,224.115,0.919524,939.431,274.219,0.845025,889.387,274.208,0.835742,871.708,342.016,0.842818,862.886,409.635,0.909192,992.41,277.228,0.801522,1010,353.673,0.749768,1010.03,418.441,0.78824,933.493,406.607,0.812101,907.075,406.595,0.80689,915.881,500.761,0.780917,951.059,544.94,0.646432,960.001,406.688,0.777592,951.228,506.84,0.844176,930.702,603.877,0.874729,927.729,215.391,0.919609,951.129,218.229,0.924212,910.06,221.179,0.819335,968.838,221.35,0.871598,930.586,630.417,0.839979,951.071,630.339,0.861426,930.463,612.667,0.805138,936.469,577.369,0.207764,930.62,571.486,0.24045,959.956,547.881,0.350316
22_936.417,224.233,0.908652,939.35,277.124,0.827692,886.502,277.176,0.829141,868.773,344.857,0.829642,862.816,412.436,0.912783,992.349,280.162,0.797589,1012.92,359.587,0.783856,1010.02,424.29,0.771885,933.462,406.591,0.811559,907.017,406.564,0.80657,907.155,497.914,0.820398,945.3,550.961,0.773209,959.997,406.697,0.777238,951.279,506.843,0.828245,930.701,606.85,0.855683,927.737,218.282,0.932355,951.15,221.077,0.946826,910.067,221.278,0.818748,968.869,224.159,0.87801,927.62,630.371,0.805911,942.391,633.269,0.747015,930.509,615.665,0.738419,933.47,592.046,0.429722,927.652,580.311,0.463915,954.041,553.703,0.477201
23_936.404,224.345,0.893711,936.432,277.12,0.840273,886.411,277.211,0.838622,865.895,350.701,0.810269,860.065,412.498,0.918425,989.436,277.221,0.793704,1012.94,359.613,0.783839,1007.11,430.21,0.811236,930.735,406.706,0.820192,906.946,406.675,0.824439,906.911,497.926,0.838209,942.304,562.675,0.732848,960.064,409.538,0.781013,953.988,506.834,0.837359,933.583,603.966,0.820306,927.73,221.087,0.947381,951.154,221.174,0.967232,910.06,221.355,0.838071,968.87,224.221,0.871835,927.698,627.454,0.754773,945.306,630.337,0.705419,933.478,612.704,0.657293,930.492,597.956,0.538257,924.672,592.081,0.537614,951.126,562.714,0.441801
24_933.626,227.143,0.878681,939.372,271.419,0.8504,892.263,271.365,0.829013,868.775,347.832,0.805425,860.083,412.639,0.899038,989.429,277.161,0.794646,1010.07,359.545,0.755409,1012.96,430.183,0.782133,930.689,409.594,0.84158,906.93,409.564,0.838076,907.049,506.683,0.858241,933.586,571.448,0.746469,959.958,409.671,0.796732,954.073,506.858,0.817546,933.491,606.858,0.816005,927.749,221.151,0.957785,951.171,221.268,0.976348,912.898,221.367,0.776333,971.67,224.337,0.847135,930.511,633.301,0.694231,948.172,633.328,0.68747,930.558,615.623,0.636022,930.531,603.92,0.547903,921.751,598.052,0.553945,945.221,571.437,0.440464
25_936.415,230.081,0.855348,936.5,277.159,0.830871,886.53,277.147,0.83154,871.673,350.78,0.805505,862.832,412.627,0.912274,989.428,283.102,0.786019,1007.16,359.543,0.76421,1015.88,430.213,0.783854,930.724,409.664,0.851345,906.958,409.633,0.856122,904.113,492.044,0.80172,921.725,550.958,0.832816,960.002,412.465,0.799691,954.216,509.682,0.814846,936.528,606.792,0.792781,927.736,221.319,0.982051,951.166,224.047,0.983446,910.046,224.205,0.850823,968.771,227.153,0.821928,930.601,624.59,0.716047,948.242,627.404,0.716327,933.548,612.728,0.639616,912.984,583.297,0.704093,904.13,577.362,0.781371,927.593,550.892,0.742988
26_933.599,232.998,0.849954,939.39,274.328,0.837059,889.34,274.22,0.84445,871.726,347.846,0.805466,862.916,412.569,0.905739,989.469,285.926,0.785318,1007.12,362.449,0.797806,1015.87,433.2,0.775571,930.698,409.698,0.85895,906.919,409.655,0.863216,904.053,497.852,0.808787,912.894,559.706,0.811705,959.985,412.517,0.798338,954.192,506.761,0.859875,936.467,603.947,0.801955,927.698,224.069,0.98887,951.121,224.117,0.972186,910.007,224.305,0.859125,965.899,227.215,0.818244,930.462,624.593,0.789978,948.134,627.403,0.749804,930.712,612.662,0.686619,907.102,597.891,0.781311,901.069,586.174,0.742809,924.618,562.631,0.69274
27_933.614,238.822,0.851379,939.379,274.253,0.846448,889.354,271.428,0.850495,871.737,350.71,0.80166,862.955,415.441,0.873068,989.428,283.009,0.78136,1009.99,362.514,0.779817,1015.87,439.027,0.759923,930.644,412.488,0.869734,906.89,412.465,0.86494,904.007,503.723,0.866909,907.096,574.539,0.905472,957.116,412.594,0.811523,954.125,506.792,0.884748,936.416,601.064,0.819835,927.696,224.172,0.988293,951.143,224.235,0.96667,909.968,227.079,0.852161,968.756,230.146,0.789989,930.457,621.619,0.785701,945.32,624.435,0.748914,930.612,606.85,0.718162,904.142,606.816,0.798184,892.281,600.843,0.759882,915.853,577.38,0.690948
28_933.576,238.937,0.871933,939.36,280.127,0.813891,889.32,274.273,0.841778,874.577,356.573,0.791472,865.879,424.278,0.820467,989.471,288.972,0.78846,1010.02,365.51,0.777738,1015.9,442.007,0.759064,930.646,412.676,0.828034,904.21,412.622,0.829293,904.027,506.876,0.853198,904.088,597.851,0.915395,957.17,415.573,0.754692,954.035,518.524,0.835854,933.587,612.67,0.798797,927.676,224.232,0.978478,951.14,224.311,0.959951,909.959,227.147,0.829926,968.787,235.943,0.796611,927.631,630.424,0.707414,945.241,633.322,0.654155,930.524,618.559,0.770836,898.166,624.571,0.857143,883.385,621.47,0.88794,907.059,600.817,0.771032
29_933.489,241.861,0.903367,936.51,291.719,0.849201,886.386,280.143,0.826972,871.644,359.548,0.799745,865.781,427.273,0.830997,992.324,294.798,0.815958,1007.15,371.356,0.732088,1015.93,450.842,0.738997,930.634,418.448,0.807054,904.194,415.559,0.805864,904.089,518.528,0.841634,901.175,601.048,0.868948,957.154,424.314,0.742092,951.282,524.296,0.847934,933.524,612.747,0.818026,927.599,227.099,0.93344,951.07,227.152,0.934528,907.179,230.158,0.769154,965.915,238.934,0.810875,927.561,630.398,0.722909,942.299,633.289,0.660901,930.53,621.369,0.785776,892.36,627.506,0.808437,880.598,624.428,0.862642,904.144,612.65,0.713642
30_933.45,244.701,0.922904,936.525,291.749,0.853068,886.537,277.222,0.814361,871.667,359.519,0.800915,862.895,427.308,0.858949,989.405,294.93,0.804409,1007.12,377.221,0.726093,1018.79,456.706,0.740209,930.604,424.295,0.80171,906.888,421.359,0.791572,904.069,527.256,0.882688,901.008,621.407,0.830506,957.049,427.305,0.76395,951.234,527.258,0.858444,933.586,618.529,0.802775,927.584,227.205,0.92141,951.058,230.09,0.907003,907.171,230.126,0.764643,965.919,241.779,0.819172,930.487,639.187,0.655627,948.246,639.129,0.609993,930.534,621.463,0.718483,889.436,648.048,0.783914,880.435,644.984,0.791608,904.049,624.416,0.744501
31_930.737,244.836,0.934174,936.46,294.7,0.868078,883.593,288.896,0.843128,865.798,362.439,0.814637,862.815,430.213,0.881965,992.326,300.662,0.786249,1007.16,380.19,0.754622,1021.65,453.781,0.810608,930.507,430.224,0.816484,904.063,430.115,0.794418,903.978,533.198,0.865088,892.275,642.049,0.802744,957.005,433.13,0.785129,951.09,530.37,0.868183,930.734,624.388,0.816778,927.553,230.144,0.898485,951.029,235.92,0.886726,907.098,238.825,0.775231,965.919,244.659,0.848131,930.455,648.045,0.601469,948.145,647.916,0.57162,927.689,624.483,0.671653,892.266,668.709,0.779872,880.374,665.7,0.783946,898.237,645.112,0.708086
32_930.614,247.715,0.959188,933.636,297.859,0.838631,883.554,294.932,0.862296,868.771,365.608,0.799836,862.899,433.238,0.883022,992.333,309.585,0.796483,1007.14,385.997,0.788447,1018.84,456.711,0.814764,930.478,433.257,0.836613,904.047,433.172,0.821688,903.934,536.134,0.830189,892.273,648.009,0.806104,954.202,436.125,0.795943,951.01,533.249,0.815608,930.715,621.603,0.791117,924.719,238.93,0.886348,948.225,241.798,0.899205,906.986,244.696,0.811184,962.998,247.613,0.884363,930.631,647.961,0.570261,948.259,642.173,0.568911,927.675,624.414,0.661905,898.134,680.38,0.743257,880.499,671.698,0.7828,901.032,651.054,0.668302
33_930.653,250.695,0.921485,933.485,297.886,0.862199,883.442,297.721,0.868871,862.963,374.243,0.803361,860.058,436.188,0.867865,986.465,309.529,0.788371,1007.07,386.073,0.787766,1018.8,462.604,0.761218,927.688,436.001,0.844523,903.91,433.207,0.811731,903.942,542.087,0.814498,895.186,665.602,0.767905,954.104,436.13,0.818419,948.226,533.319,0.773178,930.634,621.514,0.732887,927.457,244.657,0.923564,948.263,244.782,0.945626,906.984,244.84,0.840482,962.986,247.784,0.842317,933.515,642.166,0.482904,951.015,639.157,0.524978,927.587,621.547,0.558301,901.093,695.189,0.750171,880.615,692.247,0.760424,898.233,671.49,0.667748
34_930.522,259.467,0.904046,933.461,297.797,0.870876,883.471,294.862,0.882845,862.831,371.413,0.80794,859.852,436.24,0.855459,983.555,303.714,0.781551,1007.04,385.99,0.794056,1018.9,459.763,0.805416,927.565,436.155,0.836143,898.217,436.098,0.782172,901.009,550.799,0.774505,901.1,671.531,0.822871,954.034,439.021,0.809297,951.002,536.163,0.794965,930.626,618.62,0.764738,924.59,247.605,0.921403,945.324,247.68,0.921643,906.913,247.737,0.777396,960.023,250.642,0.834024,930.699,642.107,0.549082,948.148,636.287,0.582572,927.61,621.414,0.616176,901.044,709.766,0.715232,880.641,698.091,0.743113,904.093,677.484,0.686065
35_930.486,262.485,0.920454,930.738,300.786,0.856014,883.491,294.914,0.889415,860.014,380.192,0.843058,857.114,447.902,0.847858,983.495,312.537,0.807772,1004.23,389.056,0.788993,1018.85,471.386,0.755435,927.496,439.024,0.806687,898.114,436.199,0.761946,898.162,553.839,0.769063,903.958,677.434,0.810902,951.295,441.958,0.78325,948.278,544.985,0.772274,930.629,621.469,0.76643,921.777,247.767,0.917921,945.27,247.831,0.903841,904.2,250.631,0.823582,957.157,253.645,0.814586,933.465,645.004,0.538686,948.132,642.06,0.586068,927.626,618.638,0.612517,904,712.757,0.77475,883.516,706.892,0.751026,906.946,689.23,0.720376
36_927.676,268.191,0.945838,930.635,300.752,0.874857,883.492,294.872,0.880007,859.961,377.237,0.824426,857.019,447.914,0.832501,977.813,312.438,0.812838,1004.13,391.923,0.777898,1018.81,480.16,0.757621,927.504,442.014,0.792364,898.137,439.127,0.743436,898.193,553.942,0.753721,904.072,680.433,0.817084,951.272,444.982,0.775318,948.284,545.041,0.773244,930.715,618.55,0.785385,918.79,250.668,0.885718,939.411,250.792,0.857679,904.15,253.572,0.717735,954.295,259.539,0.842146,936.454,644.955,0.608018,951.024,639.201,0.690153,927.712,615.686,0.667733,904.042,715.806,0.778608,883.534,715.601,0.773001,907.115,692.091,0.711845
37_927.534,268.279,0.952201,930.562,309.467,0.889695,880.599,297.801,0.886696,859.885,385.914,0.863291,856.94,456.731,0.877622,980.577,315.365,0.843659,1004.11,391.929,0.815139,1015.86,477.214,0.777538,927.519,450.747,0.784812,898.133,444.982,0.721836,901.047,565.558,0.70365,904.135,692.08,0.879181,954.014,453.671,0.779694,948.228,550.802,0.750717,930.67,612.678,0.792211,912.893,250.764,0.87785,933.615,253.586,0.867757,903.934,253.665,0.633148,954.18,259.556,0.845944,936.5,639.226,0.694271,948.281,636.234,0.765515,927.662,606.886,0.700275,904.112,724.568,0.799254,883.601,718.759,0.8216,907.138,695.119,0.741689
38_924.699,268.374,0.945937,927.704,309.487,0.892553,880.521,300.667,0.868372,857.039,386.136,0.88034,854.087,459.727,0.873659,977.588,315.297,0.838981,1001.25,391.996,0.805193,1010.04,480.129,0.759377,921.772,453.698,0.774168,886.524,450.862,0.757085,898.201,568.576,0.72361,904.165,695.038,0.884714,951.097,453.774,0.785686,948.249,550.931,0.778475,930.666,618.494,0.792444,909.939,253.648,0.880764,933.464,253.669,0.871691,901.033,262.406,0.630495,954.044,265.327,0.869095,933.537,644.938,0.678817,948.163,642.058,0.714074,927.676,612.694,0.692928,904.187,727.528,0.774783,886.434,721.63,0.777337,907.144,700.943,0.720534
39_921.675,268.356,0.915047,927.626,309.516,0.89304,880.426,300.709,0.851078,856.863,388.904,0.851527,848.184,462.618,0.817527,974.732,312.511,0.837162,1001.18,392.036,0.798124,1004.12,480.299,0.759503,921.706,456.585,0.787466,886.435,456.568,0.785162,895.205,571.488,0.729306,904.159,694.996,0.886734,951.082,456.631,0.79302,948.236,553.774,0.774641,930.708,618.54,0.773687,907.021,253.666,0.896487,930.527,253.682,0.902747,895.19,262.432,0.557942,951.234,265.332,0.860346,936.442,645.108,0.625682,951.018,644.942,0.690311,927.682,615.616,0.670539,904.074,730.377,0.786901,883.616,721.621,0.806937,909.914,698.062,0.722858
40_918.784,268.473,0.915224,924.699,303.636,0.864547,877.462,303.684,0.815953,848.206,391.915,0.808179,839.442,474.289,0.80961,974.59,300.741,0.84087,1001.11,388.92,0.845259,1001.3,477.219,0.771,918.758,456.694,0.798914,886.367,456.734,0.804601,889.344,574.367,0.756189,904.174,695.07,0.896502,948.243,456.697,0.788309,948.222,553.898,0.784315,930.741,618.597,0.782339,906.924,259.482,0.900457,930.462,259.469,0.896941,886.542,265.34,0.693886,951.176,265.33,0.836931,936.413,645.078,0.643727,948.265,644.936,0.715622,927.693,615.647,0.6846,904.101,730.416,0.782344,886.38,721.67,0.793759,907.172,698.147,0.722128
41_912.965,271.173,0.912995,924.635,309.472,0.851089,871.664,306.649,0.797388,851.034,391.904,0.792664,839.438,474.343,0.810074,974.611,306.617,0.831191,998.358,392.009,0.789294,1001.26,480.349,0.760529,915.909,459.571,0.803834,883.584,459.588,0.802686,886.499,577.29,0.793888,904.161,695.152,0.887356,951.01,459.592,0.805304,948.186,559.784,0.747601,930.616,624.383,0.81318,904.133,259.525,0.899415,927.679,259.512,0.89942,886.363,265.349,0.75303,951.035,265.358,0.815599,933.503,656.842,0.535602,948.151,650.916,0.629928,927.573,621.511,0.651517,904.09,730.393,0.773414,883.639,721.692,0.78807,909.945,700.995,0.714326
42_910.049,271.376,0.913537,918.773,315.395,0.855708,862.876,315.459,0.834926,839.315,400.764,0.816023,836.339,480.151,0.902008,971.746,315.294,0.819935,998.386,397.83,0.783635,1001.07,486.159,0.798984,910.044,462.594,0.789263,883.358,462.64,0.783551,883.613,577.512,0.795464,904.142,695.224,0.870051,948.115,462.618,0.757196,945.266,574.357,0.731288,930.708,624.586,0.752971,904.038,265.316,0.91162,927.638,265.364,0.930277,883.556,268.197,0.79348,951.015,268.331,0.86386,930.637,662.689,0.483925,945.259,653.866,0.574703,930.476,624.43,0.61008,904.142,730.46,0.767223,886.402,724.552,0.770836,909.932,703.909,0.699683
43_910.011,274.21,0.898772,912.962,318.344,0.868489,860.009,318.499,0.85057,839.299,403.71,0.810693,833.495,480.29,0.899216,968.819,315.53,0.80719,998.311,406.615,0.783647,998.284,483.227,0.82666,910.026,462.668,0.78095,880.652,465.525,0.771959,883.647,580.291,0.779807,904.081,697.998,0.859872,945.316,462.659,0.74221,945.334,571.402,0.716709,933.507,621.418,0.788578,904.006,268.157,0.924535,927.635,268.204,0.94325,883.504,268.386,0.825913,948.273,271.199,0.85625,933.475,650.981,0.775104,948.166,647.985,0.82004,930.486,615.627,0.65725,904.145,730.464,0.775709,886.396,724.556,0.769142,907.111,703.977,0.731454
44_909.983,274.298,0.882194,912.957,318.416,0.864952,859.953,321.285,0.855757,836.414,409.626,0.864217,833.362,486.166,0.861134,971.712,318.37,0.82549,998.197,409.577,0.82407,998.352,500.751,0.81273,910.066,471.401,0.763122,880.606,474.307,0.762077,883.612,583.289,0.772006,904.005,695.248,0.850238,948.254,471.412,0.746515,948.153,571.475,0.738455,933.573,624.596,0.8162,903.978,268.228,0.928071,927.612,268.286,0.956064,883.421,268.447,0.872097,948.241,271.333,0.859,933.543,665.713,0.743065,951.037,659.77,0.785634,930.51,624.433,0.701438,904.151,727.502,0.767421,886.397,721.709,0.76035,907.04,703.971,0.719479
45_907.178,274.347,0.880997,910.086,318.461,0.873904,859.87,321.423,0.848388,833.54,409.694,0.883662,827.579,489.107,0.79951,968.877,318.351,0.827142,998.225,409.566,0.825531,998.338,492.023,0.823213,909.994,471.451,0.777154,880.542,474.385,0.768334,883.573,580.318,0.805376,904.006,695.145,0.849087,948.185,471.44,0.741741,945.332,571.507,0.746219,933.515,636.296,0.800256,901.178,268.218,0.911095,927.569,268.316,0.955572,883.345,271.137,0.885603,948.204,271.395,0.852673,939.4,674.49,0.739112,951.247,668.642,0.828649,927.722,633.338,0.713527,904.18,727.468,0.755978,886.368,721.666,0.743326,907.071,701.003,0.730051
46_907.099,285.921,0.888765,912.972,318.353,0.870848,859.932,318.34,0.862968,833.484,409.712,0.869267,824.559,497.925,0.796014,971.715,318.428,0.837713,995.288,409.676,0.818244,998.227,494.961,0.831282,910.011,477.336,0.791884,880.505,480.179,0.786409,883.582,592.116,0.805054,903.915,698.087,0.819904,948.212,477.323,0.762968,948.246,577.453,0.805826,933.593,659.799,0.789064,901.128,268.428,0.927771,927.504,271.19,0.945907,880.668,268.459,0.845297,948.262,271.416,0.861564,942.336,698.017,0.693689,954.057,692.139,0.786523,930.489,662.683,0.691194,904.178,733.344,0.78015,883.622,727.466,0.759991,906.985,709.765,0.723364
47_907.11,288.84,0.910724,912.86,318.33,0.880059,859.913,318.402,0.86191,833.313,412.542,0.847983,818.755,503.69,0.853876,968.857,318.302,0.837806,995.222,412.507,0.80103,998.215,503.675,0.814348,907.126,480.224,0.818124,877.634,480.33,0.768654,883.554,597.96,0.843381,901.185,700.981,0.831742,945.233,480.176,0.753429,951.027,580.356,0.82,933.503,671.652,0.837955,901.129,271.247,0.94411,927.498,271.322,0.951158,880.64,271.32,0.877129,948.166,277.126,0.813101,942.386,715.606,0.713093,954.198,703.987,0.736398,927.725,674.602,0.754171,904.199,733.325,0.764945,886.396,727.476,0.744433,906.929,709.846,0.746627
48_907.014,288.918,0.927098,912.893,318.438,0.866166,859.922,318.426,0.870968,833.297,415.52,0.81657,815.899,506.709,0.85574,968.827,321.272,0.808588,995.199,415.517,0.77386,998.339,503.724,0.837952,907.177,483.273,0.798029,880.386,486.116,0.748746,883.595,601.069,0.867119,901.178,706.907,0.842623,945.336,483.258,0.756083,945.315,600.947,0.808082,933.635,698.063,0.818418,901.02,271.292,0.918457,927.446,271.397,0.929439,880.611,271.381,0.823613,948.126,280.072,0.808235,939.453,736.226,0.74587,954.17,727.505,0.774379,930.489,703.999,0.697122,904.178,736.251,0.792636,886.469,733.315,0.744674,904.179,715.628,0.793488
49_906.982,291.793,0.941249,910.036,321.304,0.857234,859.852,324.256,0.826319,830.402,424.296,0.784769,812.994,509.791,0.846757,968.755,318.519,0.814463,995.224,415.532,0.738769,998.29,506.72,0.796239,907.055,483.321,0.792361,877.512,486.205,0.723009,883.491,603.935,0.847876,901.15,706.892,0.823593,942.395,483.264,0.725679,942.37,606.846,0.761755,936.427,718.777,0.819595,898.136,274.257,0.87695,924.593,274.272,0.883837,880.527,280.13,0.810408,939.457,285.947,0.789599,933.472,751.037,0.738635,951.261,748.09,0.774546,930.582,727.516,0.723306,903.956,739.207,0.777902,883.556,733.401,0.750629,904.166,715.661,0.754704
50_904.214,291.995,0.948035,910.062,336.023,0.833204,857.091,336.03,0.822811,824.595,433.032,0.808446,812.884,521.401,0.863688,971.693,333.133,0.782349,995.349,433.166,0.732103,1001.07,524.402,0.764255,909.92,500.788,0.76678,880.404,503.681,0.753897,883.547,618.517,0.834569,901.143,703.928,0.822906,948.221,500.758,0.726385,939.422,621.628,0.805524,936.432,739.342,0.800061,892.338,277.198,0.847613,921.782,277.245,0.859985,880.418,286.001,0.770479,942.31,288.911,0.834071,930.658,771.673,0.726925,951.189,768.742,0.781799,930.592,742.282,0.713499,901.103,739.247,0.751925,883.477,733.364,0.757136,904.175,712.658,0.733049
51_904.212,294.813,0.959334,907.173,342.074,0.863722,856.905,347.803,0.820693,818.74,436.211,0.822427,812.85,527.332,0.903819,968.795,341.934,0.788857,995.273,433.166,0.659501,998.33,524.395,0.70839,909.952,503.747,0.781155,880.465,503.867,0.764534,883.629,621.396,0.822672,903.91,703.96,0.818677,948.181,503.701,0.740969,936.481,624.414,0.806284,933.624,751.081,0.750253,892.355,283.033,0.840794,924.573,285.955,0.865416,880.386,291.784,0.796015,939.421,291.947,0.869736,930.538,786.31,0.735376,951.047,786.269,0.749966,930.601,759.867,0.671043,901.078,739.177,0.736359,883.494,730.46,0.759362,906.919,712.7,0.710703
52_906.911,300.675,0.911744,907.138,341.958,0.881209,856.847,344.914,0.817627,818.672,441.992,0.799431,812.825,530.431,0.885745,965.932,339.051,0.804933,995.271,436.035,0.689982,998.335,530.229,0.755568,909.922,503.891,0.807745,880.458,506.74,0.778553,883.566,621.516,0.841175,903.919,709.756,0.815027,948.136,503.84,0.758252,939.367,624.567,0.774899,933.491,765.714,0.804885,895.245,291.725,0.881268,924.576,291.848,0.910807,880.361,291.915,0.805143,939.461,294.772,0.847334,930.472,806.941,0.765931,948.153,803.994,0.720889,930.498,768.672,0.668616,901.065,739.213,0.714192,883.514,733.368,0.73723,906.975,712.807,0.725505
53_904.181,309.56,0.911043,907.186,341.974,0.889047,856.898,344.882,0.832329,818.688,447.876,0.787663,812.815,539.169,0.85607,968.802,341.838,0.822046,995.363,433.22,0.800667,998.255,527.227,0.815441,910.042,506.74,0.803471,880.587,509.648,0.776614,883.606,624.41,0.821962,904.027,709.813,0.829566,948.222,506.679,0.784421,939.371,633.328,0.73508,930.519,783.299,0.816562,892.293,294.717,0.906599,921.725,294.781,0.903055,877.551,294.834,0.784763,942.334,297.787,0.811106,927.685,821.624,0.729003,945.255,815.795,0.725426,924.672,786.335,0.666098,903.972,742.091,0.712014,883.616,736.308,0.706017,907.078,712.745,0.7231
54_904.14,315.281,0.935272,907.149,344.962,0.85932,856.864,353.725,0.796878,815.854,456.733,0.82777,812.736,550.744,0.886171,965.913,341.951,0.819368,998.231,436.176,0.78794,1001.08,536.199,0.799332,912.863,512.658,0.752419,880.659,518.511,0.744571,883.627,624.508,0.814561,904.079,712.785,0.853537,951.005,512.623,0.741677,936.503,642.112,0.731752,930.502,789.206,0.84038,889.393,294.941,0.895906,921.703,294.989,0.878242,877.545,297.859,0.726967,939.432,306.55,0.784147,927.577,833.513,0.774962,942.359,833.332,0.740236,927.53,789.428,0.63569,898.206,742.25,0.614276,883.436,739.198,0.65641,907.155,715.692,0.728088
55_904.149,315.526,0.949422,907.188,362.601,0.862353,854.052,365.475,0.795067,815.769,459.703,0.831329,810.005,553.757,0.910458,971.674,359.578,0.761176,998.344,456.596,0.76619,1001.08,547.928,0.799387,912.871,527.255,0.781384,880.662,527.363,0.785143,886.445,633.255,0.738848,904.074,706.881,0.833436,948.269,527.251,0.765458,936.513,650.918,0.723908,930.452,798.086,0.823577,889.417,300.66,0.857395,921.743,300.737,0.85594,877.548,309.471,0.754784,939.392,312.529,0.842315,927.653,842.297,0.778168,945.299,836.512,0.796463,921.776,806.971,0.657854,895.228,739.309,0.703626,883.368,733.407,0.745077,909.913,709.865,0.723355
56_906.886,318.458,0.953647,907.188,365.462,0.861079,856.871,368.373,0.801355,815.826,465.548,0.785759,809.946,559.68,0.877442,968.806,362.531,0.777028,998.289,459.632,0.775001,1001.13,550.935,0.832527,909.974,530.412,0.774541,880.538,533.308,0.743136,886.472,645.11,0.712091,904.079,712.723,0.837272,948.167,530.381,0.746441,933.586,668.556,0.710177,927.638,809.86,0.877287,892.362,306.641,0.835321,924.626,312.383,0.881423,877.621,312.527,0.731313,945.285,315.448,0.851855,927.741,853.938,0.838146,945.303,845.176,0.809942,921.688,812.82,0.690093,889.345,742.28,0.659558,880.545,739.164,0.715005,907.124,712.799,0.706592
57_906.99,321.416,0.910914,912.885,362.588,0.854678,856.989,365.388,0.858297,815.854,468.454,0.776602,810,565.556,0.862683,971.751,362.39,0.810759,1001.07,459.628,0.778966,1001.22,553.868,0.808588,910.074,533.205,0.756299,880.565,533.273,0.735453,886.466,645.068,0.740634,904.127,712.749,0.857166,951.042,533.257,0.742887,933.561,671.6,0.683288,927.637,812.753,0.885693,898.151,312.51,0.869504,924.72,315.37,0.93084,880.431,315.403,0.71525,948.18,318.307,0.856479,927.739,854.006,0.824883,945.299,848.177,0.814891,921.68,815.756,0.659603,889.435,748.052,0.623125,880.615,739.296,0.696837,909.908,715.578,0.731194
58_907.117,330.194,0.885506,918.761,362.579,0.841744,859.863,362.517,0.844056,815.892,468.498,0.754613,809.957,571.414,0.865554,974.621,362.553,0.847615,1001.15,459.655,0.78185,1001.27,553.889,0.777014,915.835,533.21,0.7483,883.452,533.243,0.746291,886.381,642.173,0.761455,904.219,703.958,0.837799,951.123,533.275,0.747216,936.448,680.364,0.664939,927.645,812.937,0.887327,901.068,315.401,0.903283,927.604,315.563,0.95201,880.552,315.408,0.707646,951.135,318.431,0.86857,927.747,856.983,0.839584,945.283,854.043,0.826876,918.815,818.77,0.670983,892.359,742.278,0.652011,883.475,736.317,0.718966,910.021,706.888,0.688768
59_909.976,333.11,0.880617,918.762,362.5,0.837646,859.873,362.589,0.845374,818.715,471.451,0.748908,809.988,574.356,0.889144,974.661,362.384,0.842892,1001.17,453.699,0.704498,1001.35,553.841,0.67234,912.89,539.072,0.717781,880.618,539.144,0.711698,883.632,648.046,0.759929,904.183,709.767,0.805917,951.089,539.083,0.716215,945.208,674.527,0.666678,927.641,812.976,0.882364,903.926,315.55,0.935622,927.711,318.321,0.962061,883.35,318.236,0.752365,951.208,321.279,0.85251,927.742,859.845,0.845629,945.248,856.903,0.831479,918.759,821.637,0.681624,898.243,742.199,0.483961,883.611,736.283,0.540776,909.972,706.933,0.656078
60_912.962,336.058,0.881773,921.705,365.449,0.859419,859.952,365.465,0.837181,824.562,477.266,0.738803,810.03,574.54,0.893483,974.781,365.444,0.86132,1004.19,459.679,0.75065,1004.25,559.765,0.728562,912.94,550.812,0.755511,880.568,550.854,0.75464,883.622,665.699,0.765699,904.192,712.792,0.82689,951.179,550.836,0.762232,948.28,677.468,0.750486,927.72,812.946,0.874942,904.039,318.36,0.951529,930.506,318.435,0.954184,883.428,318.43,0.784482,954.007,321.361,0.814655,927.675,857.007,0.845471,945.27,854.097,0.812855,924.592,821.66,0.673086,892.337,756.949,0.573988,883.391,742.294,0.629628,910.005,709.857,0.693244
61_912.963,338.91,0.899294,924.568,365.633,0.871261,860.003,368.489,0.814473,821.681,483.115,0.754646,810.026,580.337,0.87,977.655,365.619,0.86278,1007.12,462.544,0.728958,1007.11,568.521,0.665969,915.872,553.762,0.745247,880.6,553.808,0.729662,883.465,668.664,0.733749,904.105,718.726,0.8755,951.277,553.78,0.763091,951.056,686.286,0.768656,930.44,812.79,0.865418,904.047,318.496,0.935489,930.544,321.277,0.933879,883.453,321.382,0.714463,954.163,330.145,0.801442,927.665,856.897,0.818097,945.304,853.994,0.79581,924.573,815.778,0.690925,886.45,768.662,0.596285,880.473,756.92,0.5987,907.184,718.632,0.779093
62_918.81,341.809,0.901148,921.708,383.02,0.799178,859.903,383.176,0.813215,824.603,483.215,0.778795,812.804,580.408,0.871659,977.622,374.266,0.805715,1001.22,450.811,0.624842,971.728,497.883,0.321102,912.883,553.935,0.72358,880.42,556.733,0.693736,880.61,674.534,0.668387,901.114,736.353,0.816592,951.186,553.94,0.728376,951.099,692.182,0.76498,930.446,815.789,0.831922,904.201,324.231,0.900405,930.7,327.205,0.875244,883.538,327.215,0.752757,954.163,338.822,0.839924,927.677,859.832,0.822172,945.287,856.947,0.807343,924.579,824.597,0.652011,883.39,789.197,0.677783,868.807,777.497,0.610353,906.918,736.224,0.749213
63_921.687,342.057,0.889782,921.761,385.987,0.829428,859.877,388.922,0.826596,827.539,489.103,0.771899,812.897,583.304,0.851045,977.778,380.143,0.796203,1004.16,459.756,0.65161,1012.99,571.449,0.36935,912.885,559.772,0.701461,877.602,559.774,0.67406,877.605,683.292,0.636593,895.254,724.569,0.767082,951.269,562.684,0.711673,951.135,695.089,0.774378,930.528,818.709,0.814865,906.92,330.152,0.889111,933.536,335.931,0.881533,883.548,333.063,0.757076,957.019,339.061,0.886731,927.622,857.05,0.785191,945.267,856.943,0.771081,927.49,830.396,0.64326,883.551,774.584,0.562292,874.647,762.816,0.603253,904.111,721.61,0.776914
64_918.822,347.834,0.848639,924.678,386.041,0.861028,860.007,386.039,0.80124,830.531,489.102,0.780122,812.946,589.153,0.841654,980.624,385.968,0.798461,1007.13,474.361,0.565555,1021.71,594.954,0.434271,912.95,568.518,0.700589,880.438,568.495,0.679501,874.683,683.369,0.640834,886.405,730.412,0.785082,951.267,571.409,0.728627,951.092,698.097,0.760037,930.525,821.641,0.805953,904.194,336.037,0.910502,930.74,338.882,0.917584,883.524,336.039,0.706985,957.043,339.106,0.840698,927.714,857.07,0.785032,948.126,856.927,0.775672,927.489,830.503,0.643302,883.52,783.425,0.668203,871.639,768.756,0.659262,898.221,724.573,0.730427
65_921.691,353.702,0.844446,924.712,389.13,0.863572,859.938,389.098,0.81075,833.361,497.943,0.795602,815.814,592.122,0.828027,983.613,389.133,0.761572,1007.13,480.285,0.566122,1021.73,583.271,0.464609,912.981,574.357,0.726368,880.436,574.327,0.711835,865.88,689.181,0.740656,886.376,748.115,0.817204,954.026,574.442,0.746411,951.03,698.021,0.783638,930.514,812.974,0.840046,904.165,338.908,0.927321,933.537,338.985,0.92184,883.51,341.785,0.725357,957.14,344.808,0.828192,927.596,856.936,0.847416,945.301,854.053,0.824898,924.724,821.62,0.643555,880.586,806.959,0.761388,862.9,792.268,0.715167,901.066,745.188,0.715778
66_921.79,359.531,0.879468,927.539,388.966,0.913562,860.031,386.151,0.825727,833.404,497.858,0.787694,818.776,595.033,0.815764,986.55,389.063,0.801785,1018.91,492.053,0.726471,1024.63,595.012,0.77817,921.661,577.348,0.725257,880.57,577.299,0.724675,877.592,692.229,0.776869,883.51,771.65,0.825534,954.244,577.475,0.72339,951.084,706.838,0.803195,927.751,812.995,0.865912,906.928,339.089,0.93796,933.628,341.849,0.913845,883.552,341.834,0.65769,960.074,344.908,0.773115,927.733,857.039,0.865713,948.147,854.091,0.849308,921.689,821.649,0.661368,880.389,824.628,0.767747,859.942,812.873,0.778164,895.235,777.475,0.657114
67_924.597,362.559,0.908967,927.553,391.981,0.88438,860.029,389.12,0.816994,833.477,503.677,0.801949,821.71,597.962,0.815372,989.466,394.947,0.761436,1015.88,486.127,0.567603,1021.88,594.976,0.425738,915.903,577.479,0.668983,880.511,577.433,0.674851,877.551,700.97,0.748506,880.639,795.25,0.837649,954.16,580.355,0.668634,951.027,706.866,0.773125,927.752,815.829,0.861278,906.964,342.044,0.926348,936.488,344.825,0.87087,883.518,342.088,0.75297,962.981,350.784,0.770569,927.689,857.025,0.868816,948.124,854.095,0.843081,918.838,824.644,0.67791,877.516,836.385,0.761154,859.831,830.529,0.774995,886.42,806.866,0.709396
68_924.679,365.387,0.925047,927.638,397.784,0.867078,862.863,392.026,0.79839,833.495,503.889,0.776829,824.663,600.889,0.814259,989.462,400.741,0.763587,1009.99,492.046,0.533964,1021.79,606.782,0.311092,921.693,586.217,0.665524,883.35,583.303,0.669945,877.619,715.708,0.77269,880.409,830.447,0.790861,954.21,592.041,0.671081,948.198,715.74,0.78775,930.444,821.666,0.831026,907.018,344.936,0.902272,936.528,347.765,0.845958,883.583,347.778,0.703448,968.76,353.655,0.731137,930.499,859.834,0.848697,948.252,856.895,0.841021,921.681,830.518,0.670208,874.692,865.814,0.630965,856.991,859.859,0.66145,883.493,833.529,0.713668
69_927.493,368.498,0.895313,927.671,406.653,0.884985,862.844,403.744,0.796278,833.446,506.859,0.764546,824.586,601.033,0.811443,992.351,406.568,0.773069,1018.88,503.771,0.651173,1033.54,621.456,0.458593,924.705,597.959,0.70781,883.589,597.929,0.690564,880.407,727.509,0.772552,874.67,859.979,0.770176,957.094,600.837,0.658005,945.25,721.695,0.723763,930.481,827.557,0.82941,907.067,356.651,0.895243,939.425,359.488,0.850044,883.541,356.669,0.75729,968.785,359.534,0.758595,930.445,859.971,0.857513,948.177,857.031,0.825147,924.611,833.305,0.682054,862.892,921.699,0.646602,851.097,907.135,0.625048,880.586,865.855,0.67351
70_924.74,380.107,0.861325,927.698,409.684,0.900427,862.816,409.544,0.803028,833.441,509.716,0.735894,821.64,606.807,0.786991,995.253,412.496,0.78954,1024.67,518.531,0.681491,1027.81,624.532,0.649112,921.678,600.98,0.650791,880.573,600.944,0.669885,877.583,748.052,0.701762,871.755,898.13,0.744295,957.03,603.895,0.62874,942.314,736.277,0.640441,930.451,818.79,0.784622,907.029,362.424,0.928217,939.397,362.488,0.884689,883.497,362.482,0.815325,968.807,365.378,0.816806,927.681,862.821,0.78888,945.326,857.105,0.756693,918.764,821.683,0.613981,868.729,951.154,0.742985,853.992,945.25,0.704575,880.44,904.062,0.662803
71_924.682,386.078,0.911184,927.735,412.659,0.90227,860.016,412.474,0.820774,833.343,518.468,0.703604,815.904,612.727,0.783269,998.12,415.604,0.782121,1024.67,527.408,0.688207,1039.46,653.915,0.631542,921.734,612.678,0.635036,880.6,612.659,0.641378,877.48,759.88,0.593375,874.697,927.52,0.725323,957.082,615.647,0.61271,939.411,739.202,0.62279,930.449,821.649,0.774511,907.041,365.544,0.925668,939.367,368.353,0.862869,883.562,365.431,0.721819,968.818,368.496,0.771422,930.491,860.051,0.750388,948.229,859.822,0.741424,918.797,824.586,0.603988,871.745,974.653,0.654329,856.931,968.76,0.639138,880.563,933.519,0.620674
72_924.685,391.951,0.896273,927.753,427.255,0.850041,860.017,415.489,0.809079,830.482,524.335,0.679627,815.764,621.613,0.835254,998.206,433.167,0.791343,1024.9,547.877,0.688273,1042.3,656.798,0.684297,918.752,621.57,0.68367,880.486,621.524,0.682928,877.585,780.405,0.6194,880.391,951.078,0.764198,954.224,624.449,0.672699,942.357,745.199,0.588473,930.511,830.472,0.731678,907.027,374.312,0.887076,939.375,380.122,0.844453,883.586,371.39,0.633004,968.83,383.007,0.740426,930.504,862.894,0.607817,948.146,859.943,0.592108,921.737,830.488,0.556455,877.54,1001.28,0.689147,857.053,998.216,0.687273,883.398,957.059,0.586346
73_924.638,403.647,0.850627,927.623,433.162,0.894717,857.098,427.304,0.805131,824.618,533.265,0.70159,812.895,630.347,0.84105,998.132,436.093,0.78253,1024.78,550.757,0.764433,1042.43,665.585,0.711128,921.674,624.529,0.655797,880.444,624.526,0.661069,877.563,786.315,0.656119,880.655,959.969,0.767194,959.954,627.405,0.62178,936.438,765.687,0.514686,930.57,836.296,0.659505,906.898,385.93,0.923366,936.473,385.958,0.894389,883.368,383.135,0.748571,968.855,385.948,0.755613,927.648,862.905,0.480507,939.394,860.028,0.472134,927.565,836.317,0.478742,877.515,1018.87,0.65961,857.027,1004.21,0.659669,886.48,974.622,0.585819
74_921.67,409.575,0.884396,927.624,436.227,0.89165,857.065,433.147,0.829168,818.695,545.039,0.700425,812.723,644.973,0.883237,998.17,450.764,0.757652,1024.73,556.854,0.738288,1042.4,677.442,0.719042,912.973,639.125,0.652803,877.55,636.229,0.633176,877.477,801.061,0.612207,883.504,974.692,0.761978,954.206,642.035,0.654901,945.248,765.759,0.518858,930.573,839.287,0.49592,904.131,389.025,0.929256,933.589,389.048,0.908421,883.336,389.016,0.644178,968.817,392.04,0.770344,930.543,860.003,0.307332,945.295,859.858,0.306374,954.063,959.979,0.094198,877.525,1042.42,0.560864,859.836,1027.7,0.523864,898.177,983.541,0.570438
75_915.891,412.675,0.870874,927.555,444.942,0.841416,856.943,436.076,0.823767,815.788,547.923,0.721983,809.828,648.064,0.877111,995.356,456.747,0.771134,1024.79,568.518,0.745445,1042.46,680.402,0.735077,910.055,645.123,0.699377,874.594,645.052,0.650142,874.61,806.978,0.63231,883.603,980.637,0.681978,954.109,647.958,0.688209,936.437,792.243,0.468434,930.589,839.283,0.428313,904.036,394.866,0.883192,933.484,397.826,0.875451,880.506,394.917,0.7034,965.844,400.825,0.749445,927.736,865.784,0.276942,942.371,860.019,0.278498,957.09,980.593,0.090261,871.688,1048.29,0.537608,859.881,1042.4,0.527762,901.063,998.191,0.494151
76_910.083,421.433,0.845238,924.634,456.669,0.835209,853.955,444.96,0.746525,812.963,559.697,0.680012,806.946,665.576,0.809429,995.247,462.596,0.727713,1024.73,574.504,0.743687,1042.36,692.177,0.739285,907.067,656.825,0.640046,862.915,653.933,0.605767,877.533,818.699,0.546226,886.379,998.154,0.721334,951.244,656.886,0.616854,930.722,795.192,0.375287,927.753,830.5,0.533966,901.103,406.595,0.874515,930.602,406.707,0.930235,874.686,403.674,0.568621,957.186,409.465,0.796063,930.569,862.851,0.436296,942.385,859.893,0.435729,924.639,827.515,0.372218,880.39,1048.34,0.620231,862.823,1045.32,0.632609,901.077,1004.17,0.575251
77_907.127,430.166,0.897631,921.755,459.79,0.821712,848.119,456.623,0.749015,809.872,571.483,0.716271,798.172,671.572,0.801202,995.306,480.16,0.744778,1024.66,589.181,0.71169,1045.2,698.002,0.776272,907.152,668.632,0.665366,862.968,668.596,0.623632,880.382,830.441,0.593727,886.52,1001.17,0.766595,954.041,668.69,0.641617,933.593,809.876,0.408539,930.538,830.488,0.55798,895.266,409.561,0.882843,927.68,409.698,0.954197,874.563,409.596,0.562324,954.247,412.573,0.861146,930.623,862.852,0.517996,945.276,859.897,0.496148,924.674,821.694,0.38527,880.554,1048.39,0.671344,862.95,1045.4,0.699326,901.108,1010.07,0.604436
78_904.121,433.051,0.915084,915.843,465.578,0.763647,839.403,459.788,0.752144,809.756,577.393,0.692178,792.231,680.425,0.794134,989.451,480.206,0.716837,1021.88,586.224,0.70683,1039.51,698.095,0.753031,907.075,671.59,0.674893,862.895,671.614,0.623515,874.692,830.502,0.646205,889.363,1001.32,0.747715,951.222,671.588,0.648141,945.209,798.107,0.512595,930.573,830.478,0.727263,886.396,412.488,0.906725,924.629,412.504,0.903864,862.922,412.571,0.56108,954.03,415.499,0.854342,930.618,865.825,0.715966,945.262,860.004,0.678897,924.639,818.681,0.52278,880.577,1048.48,0.62371,862.96,1048.14,0.674102,904,1015.9,0.597359
79_903.981,436.079,0.91914,909.943,480.299,0.819487,836.338,477.315,0.774625,798.113,600.939,0.727317,789.22,698.121,0.835042,983.533,483.267,0.714071,1021.67,594.974,0.568647,1033.58,712.797,0.673031,907.007,686.23,0.622383,862.898,686.245,0.57682,868.757,842.268,0.657535,889.33,1001.34,0.767225,951.179,686.253,0.582335,933.532,833.494,0.522651,933.49,842.251,0.294445,883.493,415.522,0.908504,921.714,415.543,0.856973,859.887,415.565,0.72919,951.139,421.435,0.803869,930.72,862.837,0.254722,950.998,859.9,0.279757,930.583,845.184,0.249905,880.623,1048.45,0.637544,865.773,1048.13,0.685375,904.023,1015.91,0.627185
80_901.189,439.077,0.877273,907.069,483.257,0.822243,833.45,480.361,0.795896,792.309,597.961,0.699778,786.243,709.748,0.819652,980.701,489.116,0.69552,1021.83,600.944,0.769446,1036.53,718.683,0.763641,906.913,692.175,0.697813,860.005,692.18,0.645528,862.963,851.137,0.727098,889.356,1010.02,0.76399,951.124,692.216,0.66252,948.22,839.361,0.655618,971.794,983.587,0.310302,880.651,421.346,0.887916,918.753,418.519,0.843148,857.102,424.334,0.672902,951.118,424.311,0.759598,0,0,0,0,0,0,962.929,1007.08,0.17386,883.469,1048.48,0.64615,865.811,1048.18,0.721852,904.081,1021.72,0.681464
81_898.14,444.933,0.825711,906.9,497.894,0.77122,830.527,489.081,0.711458,789.342,624.494,0.696397,783.328,721.642,0.797761,977.791,503.772,0.663657,1012.99,598.003,0.575115,1027.77,718.779,0.477374,904.143,709.806,0.675671,859.973,709.769,0.630782,862.986,860.005,0.751479,886.474,1018.83,0.801812,948.275,712.68,0.633714,951.174,856.943,0.745711,983.582,992.336,0.299795,880.422,427.293,0.895949,912.911,427.305,0.856841,856.875,433.159,0.648347,948.238,433.255,0.871794,980.579,1021.76,0.0557489,1004.12,1015.92,0.0682094,977.638,1010.04,0.158182,883.507,1048.44,0.668454,868.725,1048.22,0.729106,903.971,1021.91,0.718303
82_892.252,453.778,0.840019,904.179,503.88,0.7823,824.647,494.957,0.651547,786.47,633.337,0.73971,774.524,739.145,0.802207,983.541,518.549,0.673055,1018.91,624.53,0.691709,1030.65,736.344,0.757532,903.949,715.681,0.622663,857.016,715.695,0.598184,860.072,868.791,0.697647,883.481,1021.66,0.827447,948.161,715.738,0.582001,951.209,860.009,0.605542,977.639,998.186,0.326761,877.572,433.091,0.894649,909.935,433.139,0.907673,854.028,435.978,0.636366,948.121,436.221,0.84183,962.994,1045.26,0.0967092,995.316,1024.71,0.111872,968.849,1013,0.156588,883.435,1051.2,0.659379,862.958,1048.25,0.748845,892.355,1024.68,0.650118
83_892.335,459.517,0.867646,904.051,506.799,0.818468,818.753,503.895,0.740151,786.259,636.23,0.76273,768.636,748.076,0.816573,977.75,512.66,0.682739,1018.81,609.788,0.621634,1027.77,736.231,0.681053,898.234,712.761,0.626539,854.087,715.616,0.602836,859.923,862.908,0.729395,880.607,1012.93,0.799515,942.386,712.793,0.601003,951.009,854.047,0.555316,951.236,965.906,0.35554,877.539,436.131,0.893607,910.008,436.097,0.903389,851.127,441.941,0.609997,948.169,444.911,0.763552,951.08,1007.13,0.173416,968.774,1004.17,0.200707,939.43,977.612,0.229746,880.512,1048.41,0.666338,860.009,1048.15,0.760019,886.493,1021.7,0.663569
84_892.355,465.509,0.822621,904.189,521.423,0.828423,818.704,506.823,0.744557,783.343,645.034,0.765718,765.685,759.778,0.83904,986.48,530.223,0.730947,1021.76,633.341,0.675865,1024.91,742.241,0.7727,901.133,718.578,0.649157,856.946,715.776,0.613707,859.932,862.921,0.737896,883.371,1007.12,0.748356,945.296,718.611,0.624767,948.135,839.362,0.58815,933.58,909.929,0.759517,877.593,444.884,0.844186,909.99,444.994,0.85238,848.108,447.834,0.62411,945.318,453.653,0.759943,942.349,957.089,0.647028,957.028,951.261,0.685192,927.687,907.122,0.582357,877.545,1051.25,0.565232,859.899,1048.16,0.684034,892.331,1021.71,0.536043
85_895.221,474.298,0.826752,904.13,521.471,0.808603,815.863,509.655,0.701884,774.535,648.14,0.748592,762.737,771.604,0.840208,983.586,530.296,0.701934,1021.86,636.264,0.692876,1024.77,756.915,0.760817,901.107,724.563,0.646849,856.857,727.451,0.604574,859.92,877.598,0.779129,880.547,1018.83,0.777539,948.166,724.534,0.629895,948.114,862.865,0.704344,930.642,1018.87,0.533632,877.602,453.648,0.862188,910.042,453.76,0.880777,848.149,453.794,0.65289,942.342,459.541,0.839463,915.892,1054.19,0.30676,942.309,1048.44,0.385832,927.658,1027.66,0.341207,880.42,1051.3,0.610057,859.989,1048.29,0.736994,886.45,1024.68,0.586384
86_889.417,480.252,0.88149,901.188,518.523,0.762085,815.815,509.678,0.692317,768.655,659.797,0.75095,759.853,783.414,0.835592,980.611,527.399,0.674224,1021.66,639.157,0.656716,1021.94,765.697,0.730495,895.235,730.434,0.627989,851.041,730.446,0.584855,859.856,883.434,0.789466,880.492,1021.88,0.804577,942.351,730.429,0.612978,948.223,874.673,0.71177,936.43,1021.72,0.705386,877.49,456.831,0.883037,909.954,459.525,0.914243,845.176,456.665,0.575632,945.263,462.578,0.786004,948.233,1048.49,0.470145,962.903,1048.2,0.535672,927.639,1027.74,0.521409,880.488,1054.19,0.519275,859.874,1048.38,0.67166,883.549,1027.78,0.634616
87_889.351,486.132,0.84652,898.228,536.196,0.708588,812.762,530.332,0.680412,765.748,671.627,0.790377,756.898,801.011,0.794077,980.662,545.034,0.665809,1018.81,647.939,0.614601,1021.88,765.767,0.700512,889.39,745.201,0.646204,842.31,748.095,0.596498,859.94,898.219,0.761833,880.519,1024.83,0.795457,936.52,745.133,0.631808,945.317,886.443,0.712044,930.65,1042.35,0.726149,874.651,462.655,0.840674,907.188,465.529,0.867146,842.274,462.562,0.653047,942.333,474.301,0.761866,930.618,1074.8,0.37564,954.034,1054.21,0.447231,927.578,1048.2,0.545567,871.67,1054.28,0.484443,0,0,0,886.399,1039.45,0.58637
88_886.506,500.759,0.850979,901.116,536.22,0.747879,812.807,530.208,0.704499,765.635,683.361,0.723934,745.261,812.943,0.815208,983.498,550.877,0.662446,1018.79,648.063,0.612222,1021.86,771.587,0.711307,895.285,759.862,0.60911,848.161,762.706,0.5732,859.947,907.01,0.795246,883.355,1027.8,0.738612,945.311,759.8,0.595144,936.507,918.812,0.660547,939.425,1074.85,0.461297,871.695,477.244,0.832412,907.161,480.097,0.903813,839.325,474.362,0.64223,939.453,480.369,0.828678,930.525,1074.9,0.10829,948.25,1074.92,0.133961,942.352,1074.87,0.237856,862.915,1074.8,0.378437,0,0,0,892.264,1045.28,0.495043
89_883.622,506.784,0.910319,901.044,542.094,0.701402,812.932,530.354,0.665636,762.82,692.175,0.761295,742.367,830.489,0.831547,980.6,553.912,0.635503,1021.65,665.645,0.67662,1021.94,780.421,0.764376,895.281,762.878,0.615016,851.046,765.716,0.568102,860.001,912.871,0.739713,883.41,1030.67,0.755987,942.369,762.847,0.586955,936.421,927.553,0.645354,939.359,1074.86,0.381305,865.834,483.297,0.865715,907.028,483.348,0.913049,836.481,483.146,0.637114,936.523,492.001,0.776866,930.637,1074.89,0.0773518,951.165,1074.92,0.101308,942.321,1074.89,0.177063,868.731,1074.82,0.334482,854.058,1051.37,0.444477,892.318,1045.26,0.523103
90_883.634,518.551,0.857623,901.081,574.395,0.74483,812.75,565.577,0.631379,759.902,709.853,0.701195,742.247,845.228,0.805416,980.676,580.367,0.637653,1018.87,686.216,0.647586,1021.92,792.283,0.756532,901.078,783.428,0.631025,854.031,783.412,0.590701,859.987,921.672,0.719806,883.471,1024.81,0.810807,948.137,786.263,0.606838,933.623,936.453,0.622681,933.621,1074.87,0.301913,865.78,497.943,0.83662,907.048,500.814,0.896291,836.396,500.812,0.737763,936.475,506.647,0.827981,930.5,1074.89,0.0636989,948.195,1074.92,0.082107,939.401,1074.89,0.140679,868.757,1074.8,0.370134,856.961,1051.25,0.520784,895.223,1030.63,0.561168
91_883.503,530.396,0.906943,898.227,574.497,0.669114,812.841,562.679,0.576204,759.851,718.654,0.668123,742.193,859.874,0.846467,980.573,592.085,0.603681,1021.8,695.049,0.668325,1021.9,818.698,0.712118,898.165,786.393,0.619687,856.846,786.404,0.587393,860.026,924.624,0.715671,883.506,1021.91,0.835112,939.367,786.417,0.586495,942.366,936.424,0.600126,936.439,1074.86,0.295944,862.866,506.859,0.885452,906.928,509.666,0.904236,836.311,506.788,0.711824,936.483,512.675,0.77035,930.549,1074.88,0.0689152,948.18,1074.92,0.0813328,936.433,1074.87,0.139352,880.466,1054.26,0.482537,859.955,1048.48,0.630965,895.25,1024.78,0.626126
92_883.516,547.851,0.882819,898.159,589.149,0.694934,809.904,577.374,0.632824,756.859,733.394,0.704857,739.391,877.502,0.831014,980.626,600.909,0.638075,1021.92,701.002,0.683658,1024.64,830.469,0.737743,895.269,798.092,0.622127,854.03,798.118,0.59241,860.06,930.522,0.720008,883.428,1024.71,0.815043,936.459,798.111,0.604268,948.111,936.429,0.662433,939.379,1074.87,0.318947,862.857,524.295,0.853884,906.935,524.404,0.904339,836.255,518.5,0.679775,936.43,527.413,0.815895,930.667,1074.89,0.0857964,948.231,1074.92,0.0993894,936.513,1074.86,0.155787,880.498,1074.79,0.421958,860.06,1051.26,0.557314,892.284,1024.82,0.596531
93_883.39,556.76,0.892669,892.275,589.195,0.641344,806.949,580.354,0.572061,751.035,742.175,0.730541,739.356,886.421,0.837448,980.591,603.847,0.570965,1021.94,715.725,0.714149,1024.8,833.473,0.720345,892.275,809.889,0.559635,848.156,812.773,0.509802,865.78,939.4,0.521253,883.492,1024.72,0.707064,933.58,809.834,0.553359,948.172,951.204,0.634539,936.467,1074.87,0.232105,860.039,530.386,0.903551,904.211,533.197,0.895992,833.488,527.386,0.62832,939.38,533.284,0.723477,0,0,0,0,0,0,936.487,1074.87,0.109637,883.425,1051.39,0.428898,862.954,1051.24,0.515538,892.309,1024.83,0.486549
94_883.425,571.407,0.883389,886.499,606.843,0.666319,806.93,603.877,0.579519,745.235,762.698,0.740941,739.261,901.177,0.839519,977.596,615.625,0.587132,1024.81,718.658,0.624707,1024.9,842.262,0.640856,889.389,824.605,0.540089,848.121,824.645,0.479814,862.877,951.15,0.379369,883.473,1024.78,0.630061,933.533,824.605,0.542421,948.202,971.723,0.612052,936.51,1074.87,0.15187,860.049,545.001,0.86479,906.952,547.947,0.888342,833.414,536.196,0.620059,936.539,550.99,0.803703,0,0,0,0,0,0,942.35,1074.86,0.0714937,880.547,1051.4,0.379972,862.89,1051.26,0.446991,892.299,1024.87,0.469545
95_880.633,577.529,0.895536,892.271,603.85,0.714129,809.772,595.037,0.634284,748.104,765.736,0.707959,739.304,912.962,0.805239,980.57,615.595,0.597743,1027.77,736.306,0.593165,1027.7,880.444,0.565269,886.424,836.458,0.54795,839.411,839.34,0.484673,874.592,992.38,0.326492,883.555,1030.61,0.475346,930.62,836.422,0.536838,951.009,983.557,0.61015,930.702,1074.86,0.1176,859.939,553.846,0.917268,904.163,556.749,0.891585,833.395,547.961,0.548217,942.318,553.981,0.742152,0,0,0,0,0,0,933.518,1074.86,0.0612997,880.587,1051.4,0.318207,862.919,1051.39,0.344086,892.27,1030.64,0.390438
96_883.362,592.115,0.870223,892.343,621.537,0.713344,809.772,603.961,0.656279,748.075,783.329,0.71052,739.243,927.712,0.838861,980.658,630.336,0.611861,1027.8,748.076,0.547295,1033.63,895.259,0.576715,886.442,859.949,0.516696,836.506,862.861,0.459012,874.593,1024.79,0.433009,880.436,1048.28,0.0915703,933.54,859.882,0.507992,951.124,1001.31,0.61536,0,0,0,859.992,565.601,0.86307,906.966,571.46,0.889821,833.488,553.947,0.545355,945.28,574.315,0.790566,0,0,0,0,0,0,0,0,0,880.584,1074.8,0.0729456,862.949,1074.88,0.0883041,883.339,1051.34,0.0710616
97_883.355,603.812,0.901158,895.281,645.071,0.669946,806.872,630.367,0.588319,748.065,795.152,0.708852,739.34,936.437,0.830937,986.517,653.895,0.541973,1042.42,762.869,0.560204,1042.35,898.194,0.604595,886.413,880.538,0.549333,836.328,883.48,0.471114,868.784,1048.29,0.364878,0,0,0,933.601,877.587,0.531862,954.241,1024.69,0.61048,0,0,0,859.97,577.304,0.926875,906.994,577.466,0.907449,833.457,574.323,0.672756,948.188,583.305,0.770985,0,0,0,0,0,0,0,0,0,0,0,0,0,0,0,0,0,0
98_883.433,618.476,0.893696,892.313,656.847,0.632907,804.015,645.062,0.586832,748.065,809.928,0.76152,739.348,948.207,0.845694,983.579,665.651,0.51397,1045.33,780.425,0.476453,1045.28,921.679,0.526629,886.505,904.06,0.60888,839.291,907.038,0.555429,862.869,1074.81,0.494647,0,0,0,936.45,901.133,0.590345,960.025,1045.4,0.613175,0,0,0,859.966,586.22,0.864308,907.107,592.033,0.852974,833.428,580.273,0.60234,951.177,595.049,0.783315,0,0,0,0,0,0,0,0,0,0,0,0,0,0,0,0,0,0
99_883.402,624.531,0.895589,898.237,647.975,0.742613,809.752,636.223,0.688429,750.992,809.973,0.687851,739.352,954.157,0.856616,992.391,653.916,0.52569,1045.3,786.268,0.373119,1045.41,930.542,0.29783,883.548,904.096,0.579576,833.492,907.04,0.518813,845.211,1074.82,0.314539,0,0,0,933.489,904.003,0.569829,971.748,1051.33,0.587558,0,0,0,859.954,597.979,0.903128,907.151,600.82,0.877627,833.361,586.229,0.483708,954.012,598.031,0.755934,0,0,0,0,0,0,0,0,0,0,0,0,0,0,0,0,0,0
100_883.402,642.089,0.873492,898.158,671.549,0.663163,803.977,653.957,0.609989,745.227,833.335,0.722345,739.265,962.996,0.823434,998.268,689.244,0.471111,1045.4,809.832,0.424696,1048.29,948.26,0.496251,883.513,921.741,0.493321,830.436,924.693,0.433053,830.488,1074.84,0.177724,0,0,0,936.421,918.818,0.492652,960.056,1074.84,0.401678,0,0,0,859.908,609.736,0.876464,907.16,615.624,0.84149,830.494,600.971,0.512582,954.057,612.706,0.706784,0,0,0,0,0,0,0,0,0,0,0,0,0,0,0,0,0,0
101_880.452,650.94,0.865904,904.024,674.473,0.761025,806.879,653.898,0.697741,745.213,830.491,0.679188,739.315,971.789,0.839353,1001.27,695.188,0.592611,1048.26,833.388,0.633368,1054.18,977.596,0.65505,886.47,927.642,0.496467,833.383,927.648,0.450843,833.474,1074.84,0.115351,0,0,0,945.221,927.639,0.491641,960.023,1074.84,0.237658,0,0,0,856.974,621.52,0.901806,906.989,624.544,0.881992,821.729,603.822,0.357122,954.073,624.442,0.768629,0,0,0,0,0,0,0,0,0,0,0,0,0,0,0,0,0,0
102_880.413,668.624,0.882996,895.234,695.019,0.677637,798.087,671.629,0.634419,745.161,839.287,0.696326,739.365,977.754,0.856437,998.19,709.844,0.468753,1048.33,836.422,0.3312,1057.15,989.408,0.370911,883.586,954.163,0.529088,830.498,957.081,0.483651,0,0,0,0,0,0,942.374,954.146,0.506452,0,0,0,0,0,0,856.833,633.314,0.855326,907.05,642.171,0.867518,821.656,624.471,0.437792,954.071,639.216,0.665483,0,0,0,0,0,0,0,0,0,0,0,0,0,0,0,0,0,0
103_874.617,689.152,0.810985,904.051,700.968,0.750603,798.17,674.603,0.665844,745.137,839.305,0.697697,739.301,983.519,0.827115,1004.18,721.635,0.568405,1051.32,856.891,0.596084,1066,998.233,0.515663,892.271,965.911,0.436305,830.473,962.953,0.432678,0,0,0,0,0,0,954.22,968.849,0.398811,0,0,0,0,0,0,848.201,648.159,0.86749,904.121,653.968,0.841199,815.83,642.07,0.319351,954.052,647.953,0.739928,0,0,0,0,0,0,0,0,0,0,0,0,0,0,0,0,0,0
104_874.609,700.998,0.789916,904.013,715.701,0.745904,792.322,692.199,0.687235,745.138,854.061,0.674211,739.237,992.401,0.808704,1010.04,739.157,0.595509,1054.26,880.593,0.576529,1071.98,1033.55,0.609804,892.27,998.24,0.336484,830.501,998.263,0.338428,0,0,0,0,0,0,957.044,998.243,0.289263,0,0,0,0,0,0,842.315,668.635,0.877662,904.164,668.714,0.87433,812.893,650.988,0.292022,957.019,650.96,0.661319,0,0,0,0,0,0,0,0,0,0,0,0,0,0,0,0,0,0
105_871.66,718.768,0.830304,901.113,733.358,0.68315,789.335,703.969,0.683169,742.197,862.902,0.692057,739.102,1001.29,0.808248,1012.93,759.862,0.502841,1060.02,907.024,0.353439,1080.71,1036.51,0.32162,886.5,1010.02,0.33209,827.503,1010.05,0.32006,0,0,0,0,0,0,954.101,1010.05,0.291275,0,0,0,0,0,0,839.278,689.107,0.860634,904.123,689.26,0.862452,809.965,662.719,0.273874,954.183,668.597,0.629071,0,0,0,0,0,0,0,0,0,0,0,0,0,0,0,0,0,0
106_862.908,742.141,0.845932,904.178,759.886,0.702818,789.265,718.643,0.694564,739.321,883.436,0.699666,736.239,1018.84,0.785111,1021.75,792.293,0.532129,1071.84,998.262,0.302345,1092.46,1074.85,0.100062,880.529,1048.31,0.269009,812.799,1045.36,0.244945,0,0,0,0,0,0,948.253,1074.79,0.229772,0,0,0,0,0,0,836.405,703.885,0.861125,904.037,709.867,0.848578,809.878,683.299,0.213325,954.246,692.153,0.636744,0,0,0,0,0,0,0,0,0,0,0,0,0,0,0,0,0,0
107_862.934,762.918,0.849576,903.936,774.579,0.672171,786.291,739.168,0.703611,736.312,895.237,0.688256,727.506,1030.64,0.759367,1018.79,809.91,0.488148,1074.85,1018.87,0.251159,0,0,0,871.665,1074.79,0.283344,806.957,1051.22,0.29205,0,0,0,0,0,0,933.511,1074.81,0.252521,0,0,0,0,0,0,836.341,724.55,0.880885,901.166,730.402,0.82157,806.935,701.027,0.215758,954.06,706.868,0.585023,0,0,0,0,0,0,0,0,0,0,0,0,0,0,0,0,0,0
108_859.984,789.215,0.855396,901.085,795.164,0.63257,783.319,762.704,0.63083,733.398,927.622,0.571731,724.595,1051.24,0.507255,1015.92,827.521,0.449478,1024.78,1036.53,0.119476,0,0,0,877.628,1074.83,0.129967,804.006,1074.83,0.202594,0,0,0,0,0,0,954.095,1074.82,0.0749594,0,0,0,0,0,0,833.462,745.233,0.870058,901.113,751.035,0.796091,798.166,721.608,0.227802,954.083,727.517,0.601524,0,0,0,0,0,0,0,0,0,0,0,0,0,0,0,0,0,0
109_856.893,812.748,0.867031,898.163,833.362,0.576914,765.799,789.272,0.51402,718.693,1042.36,0.297988,0,0,0,1018.88,862.837,0.420695,0,0,0,0,0,0,901.09,1074.85,0.0598463,830.496,1074.85,0.10635,0,0,0,0,0,0,0,0,0,0,0,0,0,0,0,824.636,771.66,0.818547,886.467,780.476,0.814,789.371,745.153,0.254558,954.014,748.128,0.626042,0,0,0,0,0,0,0,0,0,0,0,0,0,0,0,0,0,0
110_854.04,836.414,0.833244,889.415,845.209,0.573404,762.877,801.042,0.578094,718.576,995.303,0.314913,0,0,0,1012.99,883.432,0.447366,1012.99,1074.86,0.0524354,0,0,0,0,0,0,0,0,0,0,0,0,0,0,0,0,0,0,0,0,0,0,0,0,815.885,798.187,0.820993,883.564,804.043,0.808913,786.323,768.713,0.231594,948.243,771.594,0.569311,0,0,0,0,0,0,0,0,0,0,0,0,0,0,0,0,0,0
111_839.34,862.887,0.800852,886.388,865.788,0.609005,756.932,830.488,0.571893,709.855,1074.8,0.220785,0,0,0,1012.95,901.141,0.48832,1021.88,1074.86,0.0892269,0,0,0,0,0,0,0,0,0,0,0,0,0,0,0,0,0,0,0,0,0,0,0,0,812.756,827.577,0.86775,880.443,833.279,0.813164,777.562,783.37,0.154881,939.436,801.043,0.561091,0,0,0,0,0,0,0,0,0,0,0,0,0,0,0,0,0,0
112_836.28,901.105,0.824933,880.414,889.33,0.572516,745.099,854.031,0.525627,701.046,1074.79,0.2249,0,0,0,1009.99,924.63,0.448936,0,0,0,0,0,0,0,0,0,0,0,0,0,0,0,0,0,0,0,0,0,0,0,0,0,0,0,803.982,859.837,0.871265,874.608,859.885,0.791206,765.85,842.289,0.0621019,930.688,833.361,0.588304,0,0,0,0,0,0,0,0,0,0,0,0,0,0,0,0,0,0
113_824.643,927.475,0.775712,868.799,910.038,0.520825,739.294,868.734,0.494578,624.545,1042.38,0.261717,0,0,0,998.283,951.125,0.430821,0,0,0,0,0,0,0,0,0,0,0,0,0,0,0,0,0,0,0,0,0,0,0,0,0,0,0,789.316,883.373,0.892832,859.934,883.48,0.771864,0,0,0,927.647,857.039,0.573696,0,0,0,0,0,0,0,0,0,0,0,0,0,0,0,0,0,0
114_810,954.171,0.817268,848.151,921.72,0.523082,718.724,895.269,0.512514,624.49,1074.84,0.284617,0,0,0,986.478,951.197,0.353647,0,0,0,0,0,0,0,0,0,0,0,0,0,0,0,0,0,0,0,0,0,0,0,0,0,0,0,774.537,907.168,0.84831,851.122,909.964,0.735346,0,0,0,915.904,880.526,0.525988,0,0,0,0,0,0,0,0,0,0,0,0,0,0,0,0,0,0
115_792.321,983.562,0.767946,836.396,936.475,0.519942,706.887,915.816,0.465812,621.528,1074.85,0.221188,0,0,0,977.673,965.897,0.388093,0,0,0,0,0,0,0,0,0,0,0,0,0,0,0,0,0,0,0,0,0,0,0,0,0,0,0,762.826,942.284,0.82994,833.437,945.233,0.733541,0,0,0,906.924,904.009,0.501007,0,0,0,0,0,0,0,0,0,0,0,0,0,0,0,0,0,0
116_771.598,1021.69,0.795531,815.769,951.136,0.412795,680.409,939.383,0.435997,603.873,1074.86,0.0978376,0,0,0,960.033,965.878,0.35055,0,0,0,0,0,0,0,0,0,0,0,0,0,0,0,0,0,0,0,0,0,0,0,0,0,0,0,739.31,974.693,0.902415,812.751,977.63,0.814353,0,0,0,883.59,942.308,0.480246,0,0,0,0,0,0,0,0,0,0,0,0,0,0,0,0,0,0
117_762.768,1048.3,0.807368,792.216,992.364,0.325567,642.129,986.492,0.181475,0,0,0,0,0,0,951.162,980.601,0.304385,0,0,0,0,0,0,0,0,0,0,0,0,0,0,0,0,0,0,0,0,0,0,0,0,0,0,0,721.587,1004.14,0.846535,803.953,1004.1,0.728878,0,0,0,880.441,957.05,0.479147,0,0,0,0,0,0,0,0,0,0,0,0,0,0,0,0,0,0
118_739.239,1074.88,0.395,792.257,1001.21,0.106136,0,0,0,0,0,0,0,0,0,930.575,974.729,0.147488,0,0,0,0,0,0,0,0,0,0,0,0,0,0,0,0,0,0,0,0,0,0,0,0,0,0,0,695.087,1045.37,0.788139,786.218,1045.38,0.780169,644.942,1042.37,0.0573299,862.892,1001.2,0.351389,0,0,0,0,0,0,0,0,0,0,0,0,0,0,0,0,0,0
119_
120_
121_
122_
123_
124_
125_
126_
127_
128_
129_
130_
131_
132_
133_
134_
135_
136_
137_
138_
139_
140_
141_
142_
143_
144_
145_
146_
147_
148_
149_
150_
151_
152_
153_
154_
155_
156_
157_
158_
159_
160_
161_
162_
163_
164_
165_
166_
167_
168_
169_
170_
171_
172_
173_
174_
175_
176_
177_
178_
179_
180_
181_
182_
183_
184_
185_
186_
187_
188_
189_
190_
191_
192_
193_
194_
195_
196_
197_
198_
199_
200_
201_
202_
203_
204_
205_
206_
207_
208_
209_
210_
211_
212_
213_
214_
215_
216_
217_
218_
219_
220_
221_
222_
223_
224_
225_
226_
227_
228_
229_
230_
231_
232_
233_
234_
235_
236_
237_
238_
239_
240_
241_
242_
243_
244_
245_
246_
247_
248_
249_
250_
251_
252_
253_
254_
255_
256_
257_
258_
259_
260_
261_
262_
263_
264_
265_
266_
267_
268_
269_
270_
271_
272_
273_
274_
275_
276_
277_
278_
279_
280_
281_
282_
283_
284_
285_
286_
287_
288_
289_
290_
291_
292_
293_
294_
295_
296_
297_
298_
299_
300_
301_
302_
303_
304_
305_
306_
307_
308_
309_
310_
311_
312_
313_
314_
315_
316_
317_
318_
319_
320_
321_
322_
323_
324_
325_
326_
327_
328_
329_
330_
331_
332_
333_
334_
335_
336_
337_
338_
339_
340_
341_
342_
343_
344_
345_
346_
347_
348_
349_
350_
351_
352_
353_
354_
355_
356_
357_
358_
359_
360_
361_
362_
363_
364_
365_
366_
367_
368_
369_
370_
371_
372_
373_
374_
375_
376_
377_
378_
379_
380_
381_
382_
383_
384_
385_
386_
387_
388_
389_
390_
391_
392_
393_
394_
395_
396_
397_
398_
399_
400_
401_
402_
403_
404_
405_
406_
407_
408_
409_
410_
411_
412_
413_
414_
415_
416_
417_
418_
419_
420_
421_
422_
423_
424_
425_
426_
427_
428_
429_
430_
431_
432_
433_
434_
435_
436_
437_
438_
439_
440_
441_
442_
443_
444_
445_
446_
447_
448_
449_
450_
451_
452_
453_
454_
455_
456_
457_
458_
459_
460_
461_
462_
463_
464_
465_
466_
467_
468_
469_
470_
471_
472_
473_
474_
475_
476_
477_
478_
479_
480_
481_
482_
483_
484_
485_
486_
487_
488_
489_
490_
491_
492_
493_
494_
495_
496_
497_
498_
499_
500_
501_
502_
503_
504_
505_
506_
507_
508_
509_
510_
511_
512_
513_
514_
515_
516_
517_
518_
519_
520_
521_
522_
523_
524_
525_
526_
527_
528_
529_
530_
531_
532_
533_
534_
535_
536_
537_
538_
539_
540_
541_
542_
543_
544_
545_
546_
547_
548_
549_
550_
551_
552_
553_
554_
555_
556_
557_
558_
559_
560_
561_
562_
563_
564_
565_
566_
567_
568_
569_
570_
571_
572_
573_
574_
575_
576_
577_
578_
579_
580_
581_
582_
583_
584_
585_
586_
587_
588_
589_
590_
591_
592_
593_
594_
595_
596_
597_
598_
599_
600_
601_
602_
603_
604_
605_
606_
607_
608_
609_
610_
611_
612_
613_
614_
615_
616_
617_
618_
619_
620_
621_
622_
623_
624_
625_
626_
627_
628_
629_
630_
631_
632_
633_
634_
635_
636_
637_
638_
639_
640_
641_
642_
643_
644_
645_
646_
647_
648_
649_
650_
651_
652_
653_
654_
655_
656_
657_
658_
659_
660_
661_
662_
663_
664_
665_
666_
667_
668_
669_
670_
671_
672_
673_
674_
675_
676_
677_
678_
679_
680_
681_
682_
683_
684_
685_
686_
687_
688_
689_
690_
691_
692_
693_
694_
695_
696_
697_
698_
699_
700_
701_
702_
703_
704_
705_
706_
707_
708_
709_
710_
711_
712_
713_
714_
715_
716_
717_
718_
719_
720_
721_
722_
723_
724_
725_
726_
727_
728_
729_
730_
731_
732_
733_
734_
735_
736_
737_
738_
739_
740_
741_
742_
743_
744_
745_
746_
747_
748_
749_
750_
751_
752_
753_
754_
755_
756_
757_
758_
759_
760_
761_
762_
763_
764_
765_
766_
767_
768_
769_
770_
771_
772_
773_
774_
775_
776_
777_
778_
779_
780_
781_
782_
783_
784_
785_
786_
787_
788_
789_
790_
791_
792_
793_
794_
795_
796_
797_
798_
799_
800_
801_
802_
803_
804_
805_
806_
807_
808_
809_
810_
811_
812_
813_
814_
815_
816_
817_
818_
819_
820_
821_
822_
823_
824_
825_
826_
827_
828_
829_
830_
831_
832_
833_
834_
835_
836_
837_
838_
839_
840_
841_
842_
843_
844_
845_
846_
847_
848_
849_
850_
851_
852_
853_
854_
855_
856_
857_
858_
859_
860_
861_
862_
863_
864_
865_
866_
867_
868_
869_
870_
871_
872_
873_
874_
875_
876_
877_
878_
879_
880_
881_
882_
883_
884_
885_
886_
887_
888_
889_
890_
891_
892_
893_
894_
895_
896_
897_
898_
899_